INSERT INTO public.person (id, active, birth_date, city, country, creation_date, email, email_notify, first_name, gender, image_url, last_name, last_update_date, password, phone_number, push_notify, rating, rating_count, state, street, stripe_customer_id, verified, zip) VALUES (3333, true, '1980-04-25 13:20:08.000000', 'Berlin', 'Germany', '2021-04-25 13:18:48.000000', 'ben@gmail.com', false, 'Ben', 'MALE', 'https://images.unsplash.com/photo-1573007974656-b958089e9f7b?ixid=MXwxMjA3fDB8MHxwaG90by1wYWdlfHx8fGVufDB8fHw%3D&ixlib=rb-1.2.1&auto=format&fit=crop&w=1650&q=80', 'Adams', '2021-04-25 13:19:01.000000', '$2a$10$Go0RDY6oK48707wwcrpwqOi2SqMTVIhSAzbvHVm4jGGaTZy3', '123123123', false, 5, 5, 'State', 'Street', '3333', false, '10000');
INSERT INTO public.person (id, active, birth_date, city, country, creation_date, email, email_notify, first_name, gender, image_url, last_name, last_update_date, password, phone_number, push_notify, rating, rating_count, state, street, stripe_customer_id, verified, zip) VALUES (2222, true, '1980-04-25 13:20:03.000000', 'Berlin', 'Germany', '2021-04-25 12:00:09.000000', 'anna@gmail.com', false, 'Anna', 'FEMALE', 'https://images.unsplash.com/photo-1438761681033-6461ffad8d80?ixlib=rb-1.2.1&ixid=MXwxMjA3fDB8MHxwaG90by1wYWdlfHx8fGVufDB8fHw%3D&auto=format&fit=crop&w=1650&q=80', 'Portman', '2021-04-25 12:00:45.000000', '$2a$10$Go0RDY6oK48707wwcrpwqOi2SqMTVIhSAzbvHVm4jGGaTZy3/22oK', '123123123', false, 5, 5, 'State', 'Street', '2222', false, '10000');
INSERT INTO public.person (id, active, birth_date, city, country, creation_date, email, email_notify, first_name, gender, image_url, last_name, last_update_date, password, phone_number, push_notify, rating, rating_count, state, street, stripe_customer_id, verified, zip) VALUES (5555, true, '1980-04-25 13:19:44.000000', 'Berlin', 'Germany', '2021-04-25 12:02:23.000000', 'taylor@gmail.com', false, 'Taylor', 'FEMALE', 'https://images.unsplash.com/photo-1613588144367-8e6852b5425b?ixid=MXwxMjA3fDB8MHxwaG90by1wYWdlfHx8fGVufDB8fHw%3D&ixlib=rb-1.2.1&auto=format&fit=crop&w=1650&q=80', 'Gates', '2021-04-25 12:02:43.000000', '$2a$10$Go0RDY6oK48707wwcrpwqOi2SqMTVIhSAzbvHVm4jGGaTZy3/22oK', '123123123', false, 5, 5, 'State', 'Street', '5555', false, '10000');
INSERT INTO public.person (id, active, birth_date, city, country, creation_date, email, email_notify, first_name, gender, image_url, last_name, last_update_date, password, phone_number, push_notify, rating, rating_count, state, street, stripe_customer_id, verified, zip) VALUES (1111, true, '1980-04-19 13:19:55.000000', 'Berlin', 'Germany', '2021-04-25 11:57:50.000000', 'john@gmail.com', false, 'John', 'MALE', 'https://images.unsplash.com/flagged/photo-1570612861542-284f4c12e75f?ixid=MXwxMjA3fDB8MHxwaG90by1wYWdlfHx8fGVufDB8fHw%3D&ixlib=rb-1.2.1&auto=format&fit=crop&w=1650&q=80', 'Swift', '2021-04-25 11:58:47.000000', '$2a$10$Go0RDY6oK48707wwcrpwqOi2SqMTVIhSAzbvHVm4jGGaTZy3/22oK', '123123123', false, 5, 5, 'State', 'Street', '1111', false, '10000');
INSERT INTO public.person (id, active, birth_date, city, country, creation_date, email, email_notify, first_name, gender, image_url, last_name, last_update_date, password, phone_number, push_notify, rating, rating_count, state, street, stripe_customer_id, verified, zip) VALUES (4444, true, '1980-04-25 13:19:42.000000', 'Berlin', 'Germany', '2021-04-25 12:01:38.000000', 'matt@gmail.com', false, 'Matt', 'MALE', 'https://images.unsplash.com/photo-1589992896844-9b720813d1cb?ixlib=rb-1.2.1&ixid=MXwxMjA3fDB8MHxwaG90by1wYWdlfHx8fGVufDB8fHw%3D&auto=format&fit=crop&w=2089&q=80', 'Smith', '2021-04-25 12:02:06.000000', '$2a$10$Go0RDY6oK48707wwcrpwqOi2SqMTVIhSAzbvHVm4jGGaTZy3/22oK', '123123123', false, 5, 5, 'State', 'Street', '4444', false, '10000');

INSERT INTO public.category (id, name) VALUES (201, 'Fashion');
INSERT INTO public.category (id, name) VALUES (202, 'Accessories');
INSERT INTO public.category (id, name) VALUES (203, 'Jewellery');
INSERT INTO public.category (id, name) VALUES (204, 'Shoes');
INSERT INTO public.category (id, name) VALUES (205, 'Sportswear');
INSERT INTO public.category (id, name) VALUES (206, 'Home');
INSERT INTO public.category (id, name) VALUES (207, 'Electronics');
INSERT INTO public.category (id, name) VALUES (208, 'Mobile');
INSERT INTO public.category (id, name) VALUES (209, 'Computer');

INSERT INTO public.subcategory (id, image_url, name, category_id) VALUES (301, '', 'Hats', 201);
INSERT INTO public.subcategory (id, image_url, name, category_id) VALUES (302, '', 'Bags', 202);
INSERT INTO public.subcategory (id, image_url, name, category_id) VALUES (303, '', 'Watches', 202);
INSERT INTO public.subcategory (id, image_url, name, category_id) VALUES (304, '', 'Bracelets', 203);
INSERT INTO public.subcategory (id, image_url, name, category_id) VALUES (305, '', 'Casual', 204);
INSERT INTO public.subcategory (id, image_url, name, category_id) VALUES (306, '', 'Running', 204);
INSERT INTO public.subcategory (id, image_url, name, category_id) VALUES (307, '', 'Oxford', 204);
INSERT INTO public.subcategory (id, image_url, name, category_id) VALUES (308, '', 'Boxing', 205);
INSERT INTO public.subcategory (id, image_url, name, category_id) VALUES (309, '', 'Basketball', 205);
INSERT INTO public.subcategory (id, image_url, name, category_id) VALUES (310, '', 'Sofa', 206);
INSERT INTO public.subcategory (id, image_url, name, category_id) VALUES (311, '', 'Lamps', 206);
INSERT INTO public.subcategory (id, image_url, name, category_id) VALUES (312, '', 'Art', 206);
INSERT INTO public.subcategory (id, image_url, name, category_id) VALUES (313, '', 'Headphones', 207);
INSERT INTO public.subcategory (id, image_url, name, category_id) VALUES (314, '', 'Camera', 207);
INSERT INTO public.subcategory (id, image_url, name, category_id) VALUES (315, '', 'iPhone', 208);
INSERT INTO public.subcategory (id, image_url, name, category_id) VALUES (316, '', 'Samsung', 208);
INSERT INTO public.subcategory (id, image_url, name, category_id) VALUES (317, '', 'Laptop', 209);
INSERT INTO public.subcategory (id, image_url, name, category_id) VALUES (318, '', 'RAM', 209);
INSERT INTO public.subcategory (id, image_url, name, category_id) VALUES (319, '', 'Music', 206);
INSERT INTO public.subcategory (id, image_url, name, category_id) VALUES (320, '', 'Rings', 203);
INSERT INTO public.subcategory (id, image_url, name, category_id) VALUES (321, '', 'Glasses', 202);
INSERT INTO public.subcategory (id, image_url, name, category_id) VALUES (322, '', 'Tennis', 205);

INSERT INTO public.product (id, city, color, country, creation_date, description, end_date, featured, last_update_date, name, notified, phone_number, rated, shipping, size, start_date, start_price, street, zip, person_id, subcategory_id) VALUES (406, 'Lyon', 'YELLOW', 'France', '2020-09-22 13:35:18.847706', 'Lorem ipsum dolor sit amet, consectetur adipiscing elit. Fusce ut consequat nulla. Duis nec fermentum erat, et varius augue. Vivamus sed tempor libero.', '2021-05-25 08:08:53.534000', true, '2021-09-22 13:35:18.847706', 'Apple Watch', false, '530-911-6006', false, true, 'SMALL', '2019-03-12 14:11:11.549000', 950.00, 'Park Avenue 3', '30000', 3333, 303);
INSERT INTO public.product (id, city, color, country, creation_date, description, end_date, featured, last_update_date, name, notified, phone_number, rated, shipping, size, start_date, start_price, street, zip, person_id, subcategory_id) VALUES (408, 'Lyon', 'YELLOW', 'France', '2020-09-22 13:35:18.847706', 'Lorem ipsum dolor sit amet, consectetur adipiscing elit. Fusce ut consequat nulla. Duis nec fermentum erat, et varius augue. Vivamus sed tempor libero.', '2021-06-13 08:08:53.534000', false, '2021-09-22 13:35:18.847706', 'Silver Bracelet', false, '530-911-6006', false, true, 'SMALL', '2019-03-12 14:11:11.549000', 210.00, 'Park Avenue 3', '30000', 3333, 304);
INSERT INTO public.product (id, city, color, country, creation_date, description, end_date, featured, last_update_date, name, notified, phone_number, rated, shipping, size, start_date, start_price, street, zip, person_id, subcategory_id) VALUES (413, 'Rome', 'BLACK', 'Italy', '2020-09-22 13:35:18.847706', 'Lorem ipsum dolor sit amet, consectetur adipiscing elit. Fusce ut consequat nulla. Duis nec fermentum erat, et varius augue. Vivamus sed tempor libero.', '2021-12-20 14:28:53.534000', true, '2021-09-22 13:35:18.847706', 'Boxing Gloves', false, '530-911-6006', false, true, 'MEDIUM', '2020-08-22 14:11:11.549000', 400.00, 'Park Avenue 5', '50000', 5555, 308);
INSERT INTO public.product (id, city, color, country, creation_date, description, end_date, featured, last_update_date, name, notified, phone_number, rated, shipping, size, start_date, start_price, street, zip, person_id, subcategory_id) VALUES (414, 'Rome', 'BLACK', 'Italy', '2020-09-22 13:35:18.847706', 'Lorem ipsum dolor sit amet, consectetur adipiscing elit. Fusce ut consequat nulla. Duis nec fermentum erat, et varius augue. Vivamus sed tempor libero.', '2021-11-06 11:10:00.534000', true, '2021-09-22 13:35:18.847706', 'Basketball Ball', false, '530-911-6006', false, true, 'MEDIUM', '2020-08-22 14:11:11.549000', 120.00, 'Park Avenue 5', '50000', 5555, 309);
INSERT INTO public.product (id, city, color, country, creation_date, description, end_date, featured, last_update_date, name, notified, phone_number, rated, shipping, size, start_date, start_price, street, zip, person_id, subcategory_id) VALUES (411, 'Dallas', 'BLUE', 'USA', '2020-09-22 13:35:18.847706', 'Lorem ipsum dolor sit amet, consectetur adipiscing elit. Fusce ut consequat nulla. Duis nec fermentum erat, et varius augue. Vivamus sed tempor libero.', '2022-11-03 08:08:53.534000', false, '2021-09-22 13:35:18.847706', 'New Balance', false, '530-911-6006', false, true, 'MEDIUM', '2019-02-06 14:11:11.549000', 170.00, 'Park Avenue 4', '40000', 4444, 306);
INSERT INTO public.product (id, city, color, country, creation_date, description, end_date, featured, last_update_date, name, notified, phone_number, rated, shipping, size, start_date, start_price, street, zip, person_id, subcategory_id) VALUES (409, 'Dallas', 'BLUE', 'USA', '2020-09-22 13:35:18.847706', 'Lorem ipsum dolor sit amet, consectetur adipiscing elit. Fusce ut consequat nulla. Duis nec fermentum erat, et varius augue. Vivamus sed tempor libero.', '2022-02-15 08:08:53.534000', false, '2021-09-22 13:35:18.847706', 'Adidas Mens', false, '530-911-6006', false, true, 'MEDIUM', '2019-02-06 14:11:11.549000', 230.00, 'Park Avenue 4', '40000', 4444, 305);
INSERT INTO public.product (id, city, color, country, creation_date, description, end_date, featured, last_update_date, name, notified, phone_number, rated, shipping, size, start_date, start_price, street, zip, person_id, subcategory_id) VALUES (410, 'Dallas', 'BLUE', 'USA', '2020-09-22 13:35:18.847706', 'Lorem ipsum dolor sit amet, consectetur adipiscing elit. Fusce ut consequat nulla. Duis nec fermentum erat, et varius augue. Vivamus sed tempor libero.', '2022-08-03 08:08:53.534000', false, '2021-09-22 13:35:18.847706', 'Nike Air Max', false, '530-911-6006', false, true, 'MEDIUM', '2019-02-06 14:11:11.549000', 210.00, 'Park Avenue 4', '40000', 4444, 305);
INSERT INTO public.product (id, city, color, country, creation_date, description, end_date, featured, last_update_date, name, notified, phone_number, rated, shipping, size, start_date, start_price, street, zip, person_id, subcategory_id) VALUES (401, 'Paris', 'BLUE', 'France', '2020-09-22 13:35:18.847706', 'Lorem ipsum dolor sit amet, consectetur adipiscing elit. Fusce ut consequat nulla. Duis nec fermentum erat, et varius augue. Vivamus sed tempor libero.', '2021-10-27 08:08:53.534000', true, '2021-09-22 13:35:18.847706', 'Gray Cap', false, '530-911-6006', false, true, 'MEDIUM', '2019-09-02 14:11:11.549000', 35.00, 'Park Avenue 1', '10000', 1111, 301);
INSERT INTO public.product (id, city, color, country, creation_date, description, end_date, featured, last_update_date, name, notified, phone_number, rated, shipping, size, start_date, start_price, street, zip, person_id, subcategory_id) VALUES (403, 'Berlin', 'RED', 'Germany', '2020-09-22 13:35:18.847706', 'Lorem ipsum dolor sit amet, consectetur adipiscing elit. Fusce ut consequat nulla. Duis nec fermentum erat, et varius augue. Vivamus sed tempor libero.', '2021-04-13 08:08:53.534000', false, '2021-09-22 13:35:18.847706', 'LV Red Bag', false, '530-911-6006', false, true, 'MEDIUM', '2018-10-02 14:11:11.549000', 4600.00, 'Park Avenue 2', '20000', 2222, 302);
INSERT INTO public.product (id, city, color, country, creation_date, description, end_date, featured, last_update_date, name, notified, phone_number, rated, shipping, size, start_date, start_price, street, zip, person_id, subcategory_id) VALUES (412, 'Dallas', 'BLUE', 'USA', '2020-09-22 13:35:18.847706', 'Lorem ipsum dolor sit amet, consectetur adipiscing elit. Fusce ut consequat nulla. Duis nec fermentum erat, et varius augue. Vivamus sed tempor libero.', '2021-04-16 10:59:00.534000', false, '2021-09-22 13:35:18.847706', 'Brown Shoes', false, '530-911-6006', false, true, 'MEDIUM', '2019-02-06 14:11:11.549000', 330.00, 'Park Avenue 4', '40000', 4444, 307);
INSERT INTO public.product (id, city, color, country, creation_date, description, end_date, featured, last_update_date, name, notified, phone_number, rated, shipping, size, start_date, start_price, street, zip, person_id, subcategory_id) VALUES (420, 'Frankfurt', 'BLACK', 'Germany', '2020-09-22 13:35:18.847706', 'Lorem ipsum dolor sit amet, consectetur adipiscing elit. Fusce ut consequat nulla. Duis nec fermentum erat, et varius augue. Vivamus sed tempor libero.', '2021-11-17 08:08:53.534000', true, '2021-07-12 13:35:18.847706', 'iPhone 12', false, '530-911-6006', false, true, 'SMALL', '2020-08-22 14:11:11.549000', 1400.00, 'Park Avenue 6', '60000', 3333, 315);
INSERT INTO public.product (id, city, color, country, creation_date, description, end_date, featured, last_update_date, name, notified, phone_number, rated, shipping, size, start_date, start_price, street, zip, person_id, subcategory_id) VALUES (415, 'Istanbul', 'BLACK', 'Turkey', '2020-09-22 13:35:18.847706', 'Lorem ipsum dolor sit amet, consectetur adipiscing elit. Fusce ut consequat nulla. Duis nec fermentum erat, et varius augue. Vivamus sed tempor libero.', '2021-12-12 17:04:02.534000', true, '2021-07-12 13:35:18.847706', 'Gray Sofa', false, '530-911-6006', false, true, 'LARGE', '2020-08-22 14:11:11.549000', 3200.00, 'Park Avenue 6', '60000', 1111, 310);
INSERT INTO public.product (id, city, color, country, creation_date, description, end_date, featured, last_update_date, name, notified, phone_number, rated, shipping, size, start_date, start_price, street, zip, person_id, subcategory_id) VALUES (407, 'Lyon', 'YELLOW', 'France', '2020-09-22 13:35:18.847706', 'Lorem ipsum dolor sit amet, consectetur adipiscing elit. Fusce ut consequat nulla. Duis nec fermentum erat, et varius augue. Vivamus sed tempor libero.', '2021-11-12 08:08:53.534000', true, '2021-09-22 13:35:18.847706', 'Hand Watch', false, '530-911-6006', false, true, 'SMALL', '2019-03-12 14:11:11.549000', 340.00, 'Park Avenue 3', '30000', 3333, 303);
INSERT INTO public.product (id, city, color, country, creation_date, description, end_date, featured, last_update_date, name, notified, phone_number, rated, shipping, size, start_date, start_price, street, zip, person_id, subcategory_id) VALUES (405, 'Lyon', 'YELLOW', 'France', '2020-09-22 13:35:18.847706', 'Lorem ipsum dolor sit amet, consectetur adipiscing elit. Fusce ut consequat nulla. Duis nec fermentum erat, et varius augue. Vivamus sed tempor libero.', '2021-12-16 14:30:53.534000', true, '2021-09-22 13:35:18.847706', 'Garmin Watch', false, '530-911-6006', false, true, 'SMALL', '2019-03-12 14:11:11.549000', 799.00, 'Park Avenue 3', '30000', 3333, 303);
INSERT INTO public.product (id, city, color, country, creation_date, description, end_date, featured, last_update_date, name, notified, phone_number, rated, shipping, size, start_date, start_price, street, zip, person_id, subcategory_id) VALUES (402, 'Berlin', 'RED', 'Germany', '2020-09-22 13:35:18.847706', 'Lorem ipsum dolor sit amet, consectetur adipiscing elit. Fusce ut consequat nulla. Duis nec fermentum erat, et varius augue. Vivamus sed tempor libero.', '2021-10-07 08:08:53.534000', true, '2021-09-22 13:35:18.847706', 'Gucci Bag', false, '530-911-6006', false, true, 'MEDIUM', '2018-10-02 14:11:11.549000', 3600.00, 'Park Avenue 2', '20000', 2222, 302);
INSERT INTO public.product (id, city, color, country, creation_date, description, end_date, featured, last_update_date, name, notified, phone_number, rated, shipping, size, start_date, start_price, street, zip, person_id, subcategory_id) VALUES (431, 'Istanbul', 'WHITE', 'Turkey', '2021-04-06 22:08:11.000000', 'Lorem ipsum dolor sit amet, consectetur adipiscing elit. Fusce ut consequat nulla. Duis nec fermentum erat, et varius augue. Vivamus sed tempor libero.', '2022-03-20 17:08:17.000000', true, '2021-04-06 22:08:40.000000', 'Air Pods', false, '513-131-1313', false, false, 'SMALL', '2021-04-04 18:08:58.000000', 820.00, 'Park Avenue 6', '50000', 2222, 313);
INSERT INTO public.product (id, city, color, country, creation_date, description, end_date, featured, last_update_date, name, notified, phone_number, rated, shipping, size, start_date, start_price, street, zip, person_id, subcategory_id) VALUES (424, 'Madrid', 'BLACK', 'Spain', '2020-09-22 13:35:18.847706', 'Lorem ipsum dolor sit amet, consectetur adipiscing elit. Fusce ut consequat nulla. Duis nec fermentum erat, et varius augue. Vivamus sed tempor libero.', '2021-03-16 14:17:13.534000', false, '2021-07-12 13:35:18.847706', 'MBP 15 inch 2013', false, '530-911-6006', false, true, 'MEDIUM', '2020-08-22 14:11:11.549000', 1600.00, 'Park Avenue 6', '60000', 4444, 317);
INSERT INTO public.product (id, city, color, country, creation_date, description, end_date, featured, last_update_date, name, notified, phone_number, rated, shipping, size, start_date, start_price, street, zip, person_id, subcategory_id) VALUES (404, 'Berlin', 'RED', 'Germany', '2020-09-22 13:35:18.847706', 'Lorem ipsum dolor sit amet, consectetur adipiscing elit. Fusce ut consequat nulla. Duis nec fermentum erat, et varius augue. Vivamus sed tempor libero.', '2021-12-27 08:08:53.534000', true, '2021-09-22 13:35:18.847706', 'Leather Bag', false, '530-911-6006', false, true, 'MEDIUM', '2018-10-02 14:11:11.549000', 800.00, 'Park Avenue 2', '20000', 2222, 302);
INSERT INTO public.product (id, city, color, country, creation_date, description, end_date, featured, last_update_date, name, notified, phone_number, rated, shipping, size, start_date, start_price, street, zip, person_id, subcategory_id) VALUES (430, 'Sarajevo', 'BLUE', 'Spain', '2021-04-05 21:56:00.000000', 'Lorem ipsum dolor sit amet, consectetur adipiscing elit. Fusce ut consequat nulla. Duis nec fermentum erat, et varius augue. Vivamus sed tempor libero.', '2021-11-01 21:56:33.000000', true, '2021-04-06 21:56:46.000000', 'Sunglasses', false, '123-123-1233', false, false, 'SMALL', '2021-04-06 16:56:57.000000', 740.00, 'Park Avenue 3', '60000', 2222, 321);
INSERT INTO public.product (id, city, color, country, creation_date, description, end_date, featured, last_update_date, name, notified, phone_number, rated, shipping, size, start_date, start_price, street, zip, person_id, subcategory_id) VALUES (427, 'Madrid', 'BLACK', 'Spain', '2020-09-22 13:35:18.847706', 'Lorem ipsum dolor sit amet, consectetur adipiscing elit. Fusce ut consequat nulla. Duis nec fermentum erat, et varius augue. Vivamus sed tempor libero.', '2021-09-15 10:50:00.534000', true, '2021-07-12 13:35:18.847706', 'Electric Guitar', false, '530-911-6006', false, true, 'MEDIUM', '2020-08-22 14:11:11.549000', 1200.00, 'Park Avenue 6', '60000', 5555, 319);
INSERT INTO public.product (id, city, color, country, creation_date, description, end_date, featured, last_update_date, name, notified, phone_number, rated, shipping, size, start_date, start_price, street, zip, person_id, subcategory_id) VALUES (425, 'Madrid', 'BLACK', 'Spain', '2020-09-22 13:35:18.847706', 'Lorem ipsum dolor sit amet, consectetur adipiscing elit. Fusce ut consequat nulla. Duis nec fermentum erat, et varius augue. Vivamus sed tempor libero.', '2021-04-30 14:20:13.534000', false, '2021-07-12 13:35:18.847706', 'Acer Aspire', false, '530-911-6006', false, true, 'MEDIUM', '2020-08-22 14:11:11.549000', 1500.00, 'Park Avenue 6', '60000', 4444, 317);
INSERT INTO public.product (id, city, color, country, creation_date, description, end_date, featured, last_update_date, name, notified, phone_number, rated, shipping, size, start_date, start_price, street, zip, person_id, subcategory_id) VALUES (426, 'Madrid', 'BLACK', 'Spain', '2020-09-22 13:35:18.847706', 'Lorem ipsum dolor sit amet, consectetur adipiscing elit. Fusce ut consequat nulla. Duis nec fermentum erat, et varius augue. Vivamus sed tempor libero.', '2021-09-10 08:08:53.534000', false, '2021-07-12 13:35:18.847706', '16GB DDR4 RAM', false, '530-911-6006', false, true, 'MEDIUM', '2020-08-22 14:11:11.549000', 90.00, 'Park Avenue 6', '60000', 5555, 318);
INSERT INTO public.product (id, city, color, country, creation_date, description, end_date, featured, last_update_date, name, notified, phone_number, rated, shipping, size, start_date, start_price, street, zip, person_id, subcategory_id) VALUES (423, 'Madrid', 'BLACK', 'Spain', '2020-09-22 13:35:18.847706', 'Lorem ipsum dolor sit amet, consectetur adipiscing elit. Fusce ut consequat nulla. Duis nec fermentum erat, et varius augue. Vivamus sed tempor libero.', '2021-10-25 14:25:13.534000', true, '2021-07-12 13:35:18.847706', 'Dell XPS', false, '530-911-6006', false, true, 'MEDIUM', '2020-08-22 14:11:11.549000', 1300.00, 'Park Avenue 6', '60000', 4444, 317);
INSERT INTO public.product (id, city, color, country, creation_date, description, end_date, featured, last_update_date, name, notified, phone_number, rated, shipping, size, start_date, start_price, street, zip, person_id, subcategory_id) VALUES (416, 'Istanbul', 'BLACK', 'Turkey', '2020-09-22 13:35:18.847706', 'Lorem ipsum dolor sit amet, consectetur adipiscing elit. Fusce ut consequat nulla. Duis nec fermentum erat, et varius augue. Vivamus sed tempor libero.', '2021-10-16 08:08:53.534000', true, '2021-07-12 13:35:18.847706', 'Lamp', false, '530-911-6006', false, true, 'LARGE', '2020-08-22 14:11:11.549000', 1000.00, 'Park Avenue 6', '60000', 1111, 311);
INSERT INTO public.product (id, city, color, country, creation_date, description, end_date, featured, last_update_date, name, notified, phone_number, rated, shipping, size, start_date, start_price, street, zip, person_id, subcategory_id) VALUES (421, 'Frankfurt', 'BLACK', 'Germany', '2020-09-22 13:35:18.847706', 'Lorem ipsum dolor sit amet, consectetur adipiscing elit. Fusce ut consequat nulla. Duis nec fermentum erat, et varius augue. Vivamus sed tempor libero.', '2021-07-17 08:08:53.534000', false, '2021-07-12 13:35:18.847706', 'Samsung Galaxy S20', false, '530-911-6006', false, true, 'SMALL', '2020-08-22 14:11:11.549000', 1200.00, 'Park Avenue 6', '60000', 3333, 316);
INSERT INTO public.product (id, city, color, country, creation_date, description, end_date, featured, last_update_date, name, notified, phone_number, rated, shipping, size, start_date, start_price, street, zip, person_id, subcategory_id) VALUES (422, 'Madrid', 'BLACK', 'Spain', '2020-09-22 13:35:18.847706', 'Lorem ipsum dolor sit amet, consectetur adipiscing elit. Fusce ut consequat nulla. Duis nec fermentum erat, et varius augue. Vivamus sed tempor libero.', '2021-07-27 14:22:13.534000', true, '2021-07-12 13:35:18.847706', 'MBP 15 inch', false, '530-911-6006', false, true, 'MEDIUM', '2020-08-22 14:11:11.549000', 2900.00, 'Park Avenue 6', '60000', 4444, 317);
INSERT INTO public.product (id, city, color, country, creation_date, description, end_date, featured, last_update_date, name, notified, phone_number, rated, shipping, size, start_date, start_price, street, zip, person_id, subcategory_id) VALUES (419, 'Stockholm', 'YELLOW', 'Sweden', '2020-09-22 13:35:18.847706', 'Lorem ipsum dolor sit amet, consectetur adipiscing elit. Fusce ut consequat nulla. Duis nec fermentum erat, et varius augue. Vivamus sed tempor libero.', '2021-12-03 12:52:12.534000', true, '2021-07-12 13:35:18.847706', 'Canon Camera', false, '530-911-6006', false, true, 'SMALL', '2020-08-22 14:11:11.549000', 700.00, 'Park Avenue 6', '60000', 2222, 314);
INSERT INTO public.product (id, city, color, country, creation_date, description, end_date, featured, last_update_date, name, notified, phone_number, rated, shipping, size, start_date, start_price, street, zip, person_id, subcategory_id) VALUES (428, 'Madrid', 'BLACK', 'Spain', '2020-09-22 13:35:18.847706', 'Lorem ipsum dolor sit amet, consectetur adipiscing elit. Fusce ut consequat nulla. Duis nec fermentum erat, et varius augue. Vivamus sed tempor libero.', '2021-11-23 18:05:00.534000', true, '2021-07-12 13:35:18.847706', 'Diamond Ring', false, '530-911-6006', false, true, 'MEDIUM', '2020-08-22 14:11:11.549000', 7700.00, 'Park Avenue 6', '60000', 5555, 320);
INSERT INTO public.product (id, city, color, country, creation_date, description, end_date, featured, last_update_date, name, notified, phone_number, rated, shipping, size, start_date, start_price, street, zip, person_id, subcategory_id) VALUES (417, 'Istanbul', 'BLACK', 'Turkey', '2020-09-22 13:35:18.847706', 'Lorem ipsum dolor sit amet, consectetur adipiscing elit. Fusce ut consequat nulla. Duis nec fermentum erat, et varius augue. Vivamus sed tempor libero.', '2021-10-16 08:08:53.534000', true, '2021-07-12 13:35:18.847706', 'Modern Art', false, '530-911-6006', false, true, 'LARGE', '2020-08-22 14:11:11.549000', 12500.00, 'Park Avenue 6', '60000', 1111, 312);
INSERT INTO public.product (id, city, color, country, creation_date, description, end_date, featured, last_update_date, name, notified, phone_number, rated, shipping, size, start_date, start_price, street, zip, person_id, subcategory_id) VALUES (418, 'Stockholm', 'YELLOW', 'Sweden', '2020-09-22 13:35:18.847706', 'Lorem ipsum dolor sit amet, consectetur adipiscing elit. Fusce ut consequat nulla. Duis nec fermentum erat, et varius augue. Vivamus sed tempor libero.', '2021-12-05 08:08:53.534000', true, '2021-07-12 13:35:18.847706', 'Sony Headphones', false, '530-911-6006', false, true, 'SMALL', '2020-08-22 14:11:11.549000', 480.00, 'Park Avenue 6', '60000', 2222, 313);
INSERT INTO public.product (id, city, color, country, creation_date, description, end_date, featured, last_update_date, name, notified, phone_number, rated, shipping, size, start_date, start_price, street, zip, person_id, subcategory_id) VALUES (432, 'Berlin', 'BLACK', 'Germany', '2021-04-06 22:17:51.000000', 'Lorem ipsum dolor sit amet, consectetur adipiscing elit. Fusce ut consequat nulla. Duis nec fermentum erat, et varius augue. Vivamus sed tempor libero.', '2021-11-22 22:18:05.000000', true, '2021-04-06 22:18:23.000000', 'Ski Goggles', false, '514-123-1313', false, false, 'SMALL', '2021-04-06 22:29:50.000000', 570.00, 'Park Avenue 6', '30000', 2222, 321);
INSERT INTO public.product (id, city, color, country, creation_date, description, end_date, featured, last_update_date, name, notified, phone_number, rated, shipping, size, start_date, start_price, street, zip, person_id, subcategory_id) VALUES (433, 'Berlin', 'BLUE', 'Germany', '2021-04-06 22:26:50.000000', 'Lorem ipsum dolor sit amet, consectetur adipiscing elit. Fusce ut consequat nulla. Duis nec fermentum erat, et varius augue. Vivamus sed tempor libero.', '2022-05-05 22:26:56.000000', true, '2021-04-06 22:27:10.000000', 'Tennis Racquet', false, '514-123-1313', false, false, 'MEDIUM', '2021-04-02 22:27:28.000000', 360.00, 'Park Avenue 6', '20000', 5555, 322);
INSERT INTO public.product (id, city, color, country, creation_date, description, end_date, featured, last_update_date, name, notified, phone_number, rated, shipping, size, start_date, start_price, street, zip, person_id, subcategory_id) VALUES (429, 'Madrid', 'BLACK', 'Spain', '2020-09-22 13:35:18.847706', 'Lorem ipsum dolor sit amet, consectetur adipiscing elit. Fusce ut consequat nulla. Duis nec fermentum erat, et varius augue. Vivamus sed tempor libero.', '2022-03-15 16:51:05.534000', true, '2021-07-12 13:35:18.847706', 'GoPro Hero 9', false, '530-911-6006', false, true, 'MEDIUM', '2020-08-22 14:11:11.549000', 820.00, 'Park Avenue 6', '60000', 5555, 314);

INSERT INTO public.image (id, featured, url, product_id) VALUES (501, true, 'https://images.unsplash.com/photo-1578998987066-88847474960c?ixid=MXwxMjA3fDB8MHxwaG90by1wYWdlfHx8fGVufDB8fHw%3D&ixlib=rb-1.2.1&auto=format&fit=crop&w=1350&q=80', 401);
INSERT INTO public.image (id, featured, url, product_id) VALUES (502, true, 'https://images.unsplash.com/photo-1548036328-c9fa89d128fa?ixid=MXwxMjA3fDB8MHxwaG90by1wYWdlfHx8fGVufDB8fHw%3D&ixlib=rb-1.2.1&auto=format&fit=crop&w=1349&q=80', 402);
INSERT INTO public.image (id, featured, url, product_id) VALUES (503, true, 'https://images.unsplash.com/photo-1587467495807-da8e70e35344?ixlib=rb-1.2.1&ixid=MXwxMjA3fDB8MHxwaG90by1wYWdlfHx8fGVufDB8fHw%3D&auto=format&fit=crop&w=1267&q=80', 403);
INSERT INTO public.image (id, featured, url, product_id) VALUES (504, false, 'https://images.unsplash.com/photo-1587467541972-f1522d7b7449?ixlib=rb-1.2.1&ixid=MXwxMjA3fDB8MHxwaG90by1wYWdlfHx8fGVufDB8fHw%3D&auto=format&fit=crop&w=1267&q=80', 403);
INSERT INTO public.image (id, featured, url, product_id) VALUES (505, true, 'https://images.unsplash.com/photo-1473188588951-666fce8e7c68?ixlib=rb-1.2.1&ixid=MXwxMjA3fDB8MHxwaG90by1wYWdlfHx8fGVufDB8fHw%3D&auto=format&fit=crop&w=1440&q=80', 404);
INSERT INTO public.image (id, featured, url, product_id) VALUES (506, true, 'https://images.unsplash.com/flagged/photo-1554692938-b59814c27db8?ixid=MXwxMjA3fDB8MHxwaG90by1wYWdlfHx8fGVufDB8fHw%3D&ixlib=rb-1.2.1&auto=format&fit=crop&w=1350&q=80', 405);
INSERT INTO public.image (id, featured, url, product_id) VALUES (507, false, 'https://images.unsplash.com/photo-1593198805047-b97ea2348680?ixid=MXwxMjA3fDB8MHxwaG90by1wYWdlfHx8fGVufDB8fHw%3D&ixlib=rb-1.2.1&auto=format&fit=crop&w=1267&q=80', 405);
INSERT INTO public.image (id, featured, url, product_id) VALUES (508, true, 'https://images.unsplash.com/photo-1579586337278-3befd40fd17a?ixid=MXwxMjA3fDB8MHxwaG90by1wYWdlfHx8fGVufDB8fHw%3D&ixlib=rb-1.2.1&auto=format&fit=crop&w=1352&q=80', 406);
INSERT INTO public.image (id, featured, url, product_id) VALUES (509, true, 'https://images.unsplash.com/photo-1490915785914-0af2806c22b6?ixid=MXwxMjA3fDB8MHxwaG90by1wYWdlfHx8fGVufDB8fHw%3D&ixlib=rb-1.2.1&auto=format&fit=crop&w=1350&q=80', 407);
INSERT INTO public.image (id, featured, url, product_id) VALUES (510, true, 'https://images.unsplash.com/photo-1598472142296-b9e8f89bd9a5?ixid=MXwxMjA3fDB8MHxwaG90by1wYWdlfHx8fGVufDB8fHw%3D&ixlib=rb-1.2.1&auto=format&fit=crop&w=1400&q=80', 408);
INSERT INTO public.image (id, featured, url, product_id) VALUES (511, true, 'https://images.unsplash.com/photo-1523212465813-857a9d1a19f4?ixid=MXwxMjA3fDB8MHxwaG90by1wYWdlfHx8fGVufDB8fHw%3D&ixlib=rb-1.2.1&auto=format&fit=crop&w=1489&q=80', 409);
INSERT INTO public.image (id, featured, url, product_id) VALUES (512, true, 'https://images.unsplash.com/photo-1514989940723-e8e51635b782?ixlib=rb-1.2.1&ixid=MXwxMjA3fDB8MHxwaG90by1wYWdlfHx8fGVufDB8fHw%3D&auto=format&fit=crop&w=1350&q=80', 410);
INSERT INTO public.image (id, featured, url, product_id) VALUES (513, false, 'https://images.unsplash.com/photo-1514989771522-458c9b6c035a?ixlib=rb-1.2.1&ixid=MXwxMjA3fDB8MHxwaG90by1wYWdlfHx8fGVufDB8fHw%3D&auto=format&fit=crop&w=1350&q=80', 410);
INSERT INTO public.image (id, featured, url, product_id) VALUES (514, true, 'https://images.unsplash.com/photo-1602488583408-9e0a416aca96?ixid=MXwxMjA3fDB8MHxwaG90by1wYWdlfHx8fGVufDB8fHw%3D&ixlib=rb-1.2.1&auto=format&fit=crop&w=1350&q=80', 411);
INSERT INTO public.image (id, featured, url, product_id) VALUES (515, true, 'https://images.unsplash.com/photo-1614253429340-98120bd6d753?ixid=MXwxMjA3fDB8MHxwaG90by1wYWdlfHx8fGVufDB8fHw%3D&ixlib=rb-1.2.1&auto=format&fit=crop&w=1351&q=80', 412);
INSERT INTO public.image (id, featured, url, product_id) VALUES (516, true, 'https://images.unsplash.com/photo-1583473848882-f9a5bc7fd2ee?ixlib=rb-1.2.1&ixid=MXwxMjA3fDB8MHxwaG90by1wYWdlfHx8fGVufDB8fHw%3D&auto=format&fit=crop&w=1350&q=80', 413);
INSERT INTO public.image (id, featured, url, product_id) VALUES (517, true, 'https://images.unsplash.com/photo-1519861531473-9200262188bf?ixlib=rb-1.2.1&ixid=MXwxMjA3fDB8MHxwaG90by1wYWdlfHx8fGVufDB8fHw%3D&auto=format&fit=crop&w=1351&q=80', 414);
INSERT INTO public.image (id, featured, url, product_id) VALUES (518, true, 'https://images.unsplash.com/photo-1603794067602-9feaa4f70e0c?ixid=MXwxMjA3fDB8MHxwaG90by1wYWdlfHx8fGVufDB8fHw%3D&ixlib=rb-1.2.1&auto=format&fit=crop&w=1350&q=80', 415);
INSERT INTO public.image (id, featured, url, product_id) VALUES (519, false, 'https://images.unsplash.com/photo-1603794067453-a200eec4c0e7?ixid=MXwxMjA3fDB8MHxwaG90by1wYWdlfHx8fGVufDB8fHw%3D&ixlib=rb-1.2.1&auto=format&fit=crop&w=1350&q=80', 415);
INSERT INTO public.image (id, featured, url, product_id) VALUES (520, true, 'https://images.unsplash.com/photo-1582492065409-9315e8075a2c?ixid=MXwxMjA3fDB8MHxwaG90by1wYWdlfHx8fGVufDB8fHw%3D&ixlib=rb-1.2.1&auto=format&fit=crop&w=1345&q=80', 416);
INSERT INTO public.image (id, featured, url, product_id) VALUES (521, true, 'https://images.unsplash.com/photo-1573068674916-8ec01771bfbd?ixid=MXwxMjA3fDB8MHxwaG90by1wYWdlfHx8fGVufDB8fHw%3D&ixlib=rb-1.2.1&auto=format&fit=crop&w=1325&q=80', 417);
INSERT INTO public.image (id, featured, url, product_id) VALUES (522, true, 'https://images.unsplash.com/photo-1546435770-a3e426bf472b?ixlib=rb-1.2.1&ixid=MXwxMjA3fDB8MHxwaG90by1wYWdlfHx8fGVufDB8fHw%3D&auto=format&fit=crop&w=1346&q=80', 418);
INSERT INTO public.image (id, featured, url, product_id) VALUES (523, true, 'https://images.unsplash.com/photo-1502920917128-1aa500764cbd?ixid=MXwxMjA3fDB8MHxwaG90by1wYWdlfHx8fGVufDB8fHw%3D&ixlib=rb-1.2.1&auto=format&fit=crop&w=1350&q=80', 419);
INSERT INTO public.image (id, featured, url, product_id) VALUES (524, true, 'https://images.unsplash.com/photo-1610034449610-a4fa929867f2?ixid=MXwxMjA3fDB8MHxwaG90by1wYWdlfHx8fGVufDB8fHw%3D&ixlib=rb-1.2.1&auto=format&fit=crop&w=1351&q=80', 420);
INSERT INTO public.image (id, featured, url, product_id) VALUES (525, false, 'https://images.unsplash.com/photo-1610034560499-3825d9d7c051?ixid=MXwxMjA3fDB8MHxwaG90by1wYWdlfHx8fGVufDB8fHw%3D&ixlib=rb-1.2.1&auto=format&fit=crop&w=1350&q=80', 420);
INSERT INTO public.image (id, featured, url, product_id) VALUES (526, true, 'https://images.unsplash.com/photo-1584006682522-dc17d6c0d9ac?ixid=MXwxMjA3fDB8MHxwaG90by1wYWdlfHx8fGVufDB8fHw%3D&ixlib=rb-1.2.1&auto=format&fit=crop&w=1492&q=80', 421);
INSERT INTO public.image (id, featured, url, product_id) VALUES (527, true, 'https://images.unsplash.com/photo-1496181133206-80ce9b88a853?ixid=MXwxMjA3fDB8MHxwaG90by1wYWdlfHx8fGVufDB8fHw%3D&ixlib=rb-1.2.1&auto=format&fit=crop&w=1351&q=80', 422);
INSERT INTO public.image (id, featured, url, product_id) VALUES (528, false, 'https://images.unsplash.com/photo-1537498425277-c283d32ef9db?ixlib=rb-1.2.1&ixid=MXwxMjA3fDB8MHxwaG90by1wYWdlfHx8fGVufDB8fHw%3D&auto=format&fit=crop&w=1357&q=80', 422);
INSERT INTO public.image (id, featured, url, product_id) VALUES (529, false, 'https://images.unsplash.com/photo-1611186871348-b1ce696e52c9?ixlib=rb-1.2.1&ixid=MXwxMjA3fDB8MHxwaG90by1wYWdlfHx8fGVufDB8fHw%3D&auto=format&fit=crop&w=1350&q=80', 422);
INSERT INTO public.image (id, featured, url, product_id) VALUES (530, true, 'https://images.unsplash.com/photo-1593642632823-8f785ba67e45?ixlib=rb-1.2.1&ixid=MXwxMjA3fDB8MHxwaG90by1wYWdlfHx8fGVufDB8fHw%3D&auto=format&fit=crop&w=1778&q=80', 423);
INSERT INTO public.image (id, featured, url, product_id) VALUES (531, true, 'https://images.unsplash.com/photo-1559163499-413811fb2344?ixlib=rb-1.2.1&ixid=MXwxMjA3fDB8MHxwaG90by1wYWdlfHx8fGVufDB8fHw%3D&auto=format&fit=crop&w=1650&q=80', 424);
INSERT INTO public.image (id, featured, url, product_id) VALUES (532, true, 'https://images.unsplash.com/photo-1522199755839-a2bacb67c546?ixid=MXwxMjA3fDB8MHxwaG90by1wYWdlfHx8fGVufDB8fHw%3D&ixlib=rb-1.2.1&auto=format&fit=crop&w=1504&q=80', 425);
INSERT INTO public.image (id, featured, url, product_id) VALUES (533, true, 'https://images.unsplash.com/photo-1562976540-1502c2145186?ixid=MXwxMjA3fDB8MHxwaG90by1wYWdlfHx8fGVufDB8fHw%3D&ixlib=rb-1.2.1&auto=format&fit=crop&w=1489&q=80', 426);
INSERT INTO public.image (id, featured, url, product_id) VALUES (534, true, 'https://images.unsplash.com/photo-1592051147974-5dece921ff67?ixlib=rb-1.2.1&ixid=MXwxMjA3fDB8MHxwaG90by1wYWdlfHx8fGVufDB8fHw%3D&auto=format&fit=crop&w=1950&q=80', 427);
INSERT INTO public.image (id, featured, url, product_id) VALUES (535, false, 'https://images.unsplash.com/photo-1592051147864-5b8773d14b51?ixlib=rb-1.2.1&ixid=MXwxMjA3fDB8MHxwaG90by1wYWdlfHx8fGVufDB8fHw%3D&auto=format&fit=crop&w=1950&q=80', 427);
INSERT INTO public.image (id, featured, url, product_id) VALUES (536, false, 'https://images.unsplash.com/photo-1592051148519-4eef666e6418?ixlib=rb-1.2.1&ixid=MXwxMjA3fDB8MHxwaG90by1wYWdlfHx8fGVufDB8fHw%3D&auto=format&fit=crop&w=1950&q=80', 427);
INSERT INTO public.image (id, featured, url, product_id) VALUES (537, false, 'https://images.unsplash.com/photo-1592051147759-ef29a8306d8f?ixlib=rb-1.2.1&ixid=MXwxMjA3fDB8MHxwaG90by1wYWdlfHx8fGVufDB8fHw%3D&auto=format&fit=crop&w=1950&q=80', 427);
INSERT INTO public.image (id, featured, url, product_id) VALUES (538, false, 'https://images.unsplash.com/photo-1592051147829-b33d3839a298?ixid=MXwxMjA3fDB8MHxwaG90by1wYWdlfHx8fGVufDB8fHw%3D&ixlib=rb-1.2.1&auto=format&fit=crop&w=1950&q=80', 427);
INSERT INTO public.image (id, featured, url, product_id) VALUES (539, true, 'https://images.unsplash.com/photo-1589674552723-19e476b514e4?ixlib=rb-1.2.1&ixid=MXwxMjA3fDB8MHxwaG90by1wYWdlfHx8fGVufDB8fHw%3D&auto=format&fit=crop&w=1951&q=80', 428);
INSERT INTO public.image (id, featured, url, product_id) VALUES (540, false, 'https://images.unsplash.com/photo-1589674536249-62d7ea50d6e1?ixlib=rb-1.2.1&ixid=MXwxMjA3fDB8MHxwaG90by1wYWdlfHx8fGVufDB8fHw%3D&auto=format&fit=crop&w=1951&q=80', 428);
INSERT INTO public.image (id, featured, url, product_id) VALUES (541, false, 'https://images.unsplash.com/photo-1586104180458-e42615276cda?ixlib=rb-1.2.1&ixid=MXwxMjA3fDB8MHxwaG90by1wYWdlfHx8fGVufDB8fHw%3D&auto=format&fit=crop&w=1950&q=80', 428);
INSERT INTO public.image (id, featured, url, product_id) VALUES (542, true, 'https://images.unsplash.com/photo-1482776518305-36e7f79f253d?ixid=MXwxMjA3fDB8MHxwaG90by1wYWdlfHx8fGVufDB8fHw%3D&ixlib=rb-1.2.1&auto=format&fit=crop&w=1652&q=80', 429);
INSERT INTO public.image (id, featured, url, product_id) VALUES (543, false, 'https://images.unsplash.com/photo-1513555633610-d912838b8ac5?ixid=MXwxMjA3fDB8MHxwaG90by1wYWdlfHx8fGVufDB8fHw%3D&ixlib=rb-1.2.1&auto=format&fit=crop&w=1650&q=80', 429);
INSERT INTO public.image (id, featured, url, product_id) VALUES (544, false, 'https://images.unsplash.com/photo-1477160814815-7f4479b86c97?ixid=MXwxMjA3fDB8MHxwaG90by1wYWdlfHx8fGVufDB8fHw%3D&ixlib=rb-1.2.1&auto=format&fit=crop&w=1650&q=80', 429);
INSERT INTO public.image (id, featured, url, product_id) VALUES (545, false, 'https://images.unsplash.com/photo-1490971269589-386b2934c495?ixid=MXwxMjA3fDB8MHxwaG90by1wYWdlfHx8fGVufDB8fHw%3D&ixlib=rb-1.2.1&auto=format&fit=crop&w=1625&q=80', 429);
INSERT INTO public.image (id, featured, url, product_id) VALUES (546, false, 'https://images.unsplash.com/photo-1434493789847-2f02dc6ca35d?ixid=MXwxMjA3fDB8MHxwaG90by1wYWdlfHx8fGVufDB8fHw%3D&ixlib=rb-1.2.1&auto=format&fit=crop&w=1351&q=80', 406);
INSERT INTO public.image (id, featured, url, product_id) VALUES (547, true, 'https://images.unsplash.com/photo-1577803645773-f96470509666?ixid=MXwxMjA3fDB8MHxwaG90by1wYWdlfHx8fGVufDB8fHw%3D&ixlib=rb-1.2.1&auto=format&fit=crop&w=1350&q=80', 430);
INSERT INTO public.image (id, featured, url, product_id) VALUES (548, false, 'https://images.unsplash.com/photo-1551281812-f1e0aabc4650?ixid=MXwxMjA3fDB8MHxwaG90by1wYWdlfHx8fGVufDB8fHw%3D&ixlib=rb-1.2.1&auto=format&fit=crop&w=1350&q=80', 430);
INSERT INTO public.image (id, featured, url, product_id) VALUES (549, true, 'https://images.unsplash.com/photo-1603898037341-52a9292eddd1?ixid=MXwxMjA3fDB8MHxwaG90by1wYWdlfHx8fGVufDB8fHw%3D&ixlib=rb-1.2.1&auto=format&fit=crop&w=1351&q=80', 431);
INSERT INTO public.image (id, featured, url, product_id) VALUES (550, false, 'https://images.unsplash.com/photo-1600294037761-f9ef414e1036?ixid=MXwxMjA3fDB8MHxwaG90by1wYWdlfHx8fGVufDB8fHw%3D&ixlib=rb-1.2.1&auto=format&fit=crop&w=1350&q=80', 431);
INSERT INTO public.image (id, featured, url, product_id) VALUES (551, false, 'https://images.unsplash.com/photo-1512221472476-7e439affc029?ixid=MXwxMjA3fDB8MHxwaG90by1wYWdlfHx8fGVufDB8fHw%3D&ixlib=rb-1.2.1&auto=format&fit=crop&w=1350&q=80', 431);
INSERT INTO public.image (id, featured, url, product_id) VALUES (552, true, 'https://images.unsplash.com/photo-1614358536373-1ce27819009e?ixid=MXwxMjA3fDB8MHxwaG90by1wYWdlfHx8fGVufDB8fHw%3D&ixlib=rb-1.2.1&auto=format&fit=crop&w=1349&q=80', 432);
INSERT INTO public.image (id, featured, url, product_id) VALUES (553, true, 'https://images.unsplash.com/photo-1602211844066-d3bb556e983b?ixlib=rb-1.2.1&ixid=MXwxMjA3fDB8MHxwaG90by1wYWdlfHx8fGVufDB8fHw%3D&auto=format&fit=crop&w=1301&q=80', 433);
INSERT INTO public.image (id, featured, url, product_id) VALUES (554, false, 'https://images.unsplash.com/photo-1546519638-68e109498ffc?ixlib=rb-1.2.1&ixid=MnwxMjA3fDB8MHxwaG90by1wYWdlfHx8fGVufDB8fHx8&auto=format&fit=crop&w=1667&q=80', 414);

INSERT INTO public.bid (id, amount, date, person_id, product_id) VALUES (600, 50.00, '2021-02-04 22:34:16.000000', 1111, 401);
INSERT INTO public.bid (id, amount, date, person_id, product_id) VALUES (601, 65.00, '2021-02-05 23:34:16.000000', 2222, 401);
INSERT INTO public.bid (id, amount, date, person_id, product_id) VALUES (602, 78.00, '2021-02-06 22:34:16.000000', 3333, 401);
INSERT INTO public.bid (id, amount, date, person_id, product_id) VALUES (603, 3900.00, '2021-03-05 10:34:16.000000', 3333, 402);
INSERT INTO public.bid (id, amount, date, person_id, product_id) VALUES (604, 4200.00, '2021-03-06 15:34:16.000000', 4444, 402);
INSERT INTO public.bid (id, amount, date, person_id, product_id) VALUES (605, 4350.00, '2021-03-08 19:34:16.000000', 5555, 402);
INSERT INTO public.bid (id, amount, date, person_id, product_id) VALUES (606, 4700.00, '2021-02-05 10:34:16.000000', 3333, 403);
INSERT INTO public.bid (id, amount, date, person_id, product_id) VALUES (607, 900.00, '2021-03-05 10:34:16.000000', 3333, 404);
INSERT INTO public.bid (id, amount, date, person_id, product_id) VALUES (608, 1050.00, '2021-03-06 15:34:16.000000', 4444, 404);
INSERT INTO public.bid (id, amount, date, person_id, product_id) VALUES (609, 1100.00, '2021-03-08 19:34:16.000000', 5555, 404);
INSERT INTO public.bid (id, amount, date, person_id, product_id) VALUES (610, 850.00, '2021-01-05 10:34:16.000000', 1111, 405);
INSERT INTO public.bid (id, amount, date, person_id, product_id) VALUES (611, 900.00, '2021-01-06 15:34:16.000000', 4444, 405);
INSERT INTO public.bid (id, amount, date, person_id, product_id) VALUES (614, 3300.00, '2021-02-05 10:34:16.000000', 1111, 415);
INSERT INTO public.bid (id, amount, date, person_id, product_id) VALUES (615, 3500.00, '2021-02-06 15:34:16.000000', 4444, 415);
INSERT INTO public.bid (id, amount, date, person_id, product_id) VALUES (616, 3775.00, '2021-02-07 15:34:16.000000', 2222, 415);
INSERT INTO public.bid (id, amount, date, person_id, product_id) VALUES (617, 14000.00, '2021-02-07 15:34:16.000000', 4444, 417);
INSERT INTO public.bid (id, amount, date, person_id, product_id) VALUES (618, 1500.00, '2021-02-05 10:34:16.000000', 1111, 420);
INSERT INTO public.bid (id, amount, date, person_id, product_id) VALUES (619, 1600.00, '2021-02-06 15:34:16.000000', 4444, 420);
INSERT INTO public.bid (id, amount, date, person_id, product_id) VALUES (620, 1750.00, '2021-02-07 15:34:16.000000', 5555, 420);
INSERT INTO public.bid (id, amount, date, person_id, product_id) VALUES (621, 2999.00, '2021-01-16 20:34:16.000000', 1111, 422);
INSERT INTO public.bid (id, amount, date, person_id, product_id) VALUES (622, 3100.00, '2021-01-17 20:34:16.000000', 4444, 422);
INSERT INTO public.bid (id, amount, date, person_id, product_id) VALUES (623, 3200.00, '2021-01-18 20:34:16.000000', 3333, 422);
INSERT INTO public.bid (id, amount, date, person_id, product_id) VALUES (624, 3300.00, '2021-01-18 20:34:16.000000', 5555, 423);
INSERT INTO public.bid (id, amount, date, person_id, product_id) VALUES (625, 3500.00, '2021-01-18 20:34:16.000000', 3333, 423);
INSERT INTO public.bid (id, amount, date, person_id, product_id) VALUES (626, 2900.00, '2021-01-18 20:34:16.000000', 1111, 424);
INSERT INTO public.bid (id, amount, date, person_id, product_id) VALUES (627, 3100.00, '2021-01-18 20:34:16.000000', 3333, 424);
INSERT INTO public.bid (id, amount, date, person_id, product_id) VALUES (628, 4300.00, '2021-01-18 20:34:16.000000', 2222, 425);
INSERT INTO public.bid (id, amount, date, person_id, product_id) VALUES (629, 4500.00, '2021-01-18 20:34:16.000000', 3333, 425);
