INSERT INTO person (id, birth_date, city, country, creation_date, email, first_name, gender, last_name, last_update_date, password, phone_number, state, street, zip) VALUES ('1', '1970-03-01 22:34:16', 'Moscow', 'Russia', '2021-03-03 12:49:05', 'john@gmail.com', 'John', 'MALE', 'Swift', '2020-09-22 12:49:05', '$2a$10$Go0RDY6oK48707wwcrpwqOi2SqMTVIhSAzbvHVm4jGGaTZy3/22oK', '336-541-493', 'Arizona', 'Park Avenue 1', '10000');
INSERT INTO person (id, birth_date, city, country, creation_date, email, first_name, gender, last_name, last_update_date, password, phone_number, state, street, zip) VALUES ('2', '1985-03-01 20:12:04', 'London', 'England', '2021-03-03 12:49:05', 'anna@gmail.com', 'Anna', 'FEMALE', 'Portman', '2020-09-22 12:49:05', '$2a$10$Go0RDY6oK48707wwcrpwqOi2SqMTVIhSAzbvHVm4jGGaTZy3/22oK', '426-541-493', 'Georgia', 'Park Avenue 2', '20000');
INSERT INTO person (id, birth_date, city, country, creation_date, email, first_name, gender, last_name, last_update_date, password, phone_number, state, street, zip) VALUES ('3', '1999-03-01 13:06:17', 'Paris', 'France', '2021-03-03 12:49:05', 'ben@gmail.com', 'Ben', 'MALE', 'Adams', '2020-09-22 12:49:05', '$2a$10$Go0RDY6oK48707wwcrpwqOi2SqMTVIhSAzbvHVm4jGGaTZy3/22oK', '536-541-493', 'Texas', 'Park Avenue 3', '30000');
INSERT INTO person (id, birth_date, city, country, creation_date, email, first_name, gender, last_name, last_update_date, password, phone_number, state, street, zip) VALUES ('4', '1968-03-01 16:34:05', 'Berlin', 'Germany', '2021-03-03 12:49:05', 'matt@gmail.com', 'Matt', 'MALE', 'Smith', '2020-09-22 12:49:05', '$2a$10$Go0RDY6oK48707wwcrpwqOi2SqMTVIhSAzbvHVm4jGGaTZy3/22oK', '736-541-493', 'California', 'Park Avenue 4', '40000');
INSERT INTO person (id, birth_date, city, country, creation_date, email, first_name, gender, last_name, last_update_date, password, phone_number, state, street, zip) VALUES ('5', '1990-03-01 08:22:16', 'Rome', 'Italy', '2021-03-03 12:49:05', 'taylor@gmail.com', 'Taylor', 'FEMALE', 'Gates', '2020-09-22 12:49:05', '$2a$10$Go0RDY6oK48707wwcrpwqOi2SqMTVIhSAzbvHVm4jGGaTZy3/22oK', '836-541-493', 'Floria', 'Park Avenue 5', '50000');
INSERT INTO person (id, birth_date, city, country, creation_date, email, first_name, gender, last_name, last_update_date, password, phone_number, state, street, zip) VALUES ('6', '1992-03-02 08:22:16', 'Istanbul', 'Turkey', '2021-03-03 12:49:05', 'sandra@gmail.com', 'Sandra', 'FEMALE', 'Roberts', '2020-09-22 12:49:05', '$2a$10$Go0RDY6oK48707wwcrpwqOi2SqMTVIhSAzbvHVm4jGGaTZy3/22oK', '936-541-493', 'Floria', 'Park Avenue 6', '60000');

INSERT INTO category (id, name) VALUES ('1', 'Fashion');
INSERT INTO category (id, name) VALUES ('2', 'Accessories');
INSERT INTO category (id, name) VALUES ('3', 'Jewellery');
INSERT INTO category (id, name) VALUES ('4', 'Shoes');
INSERT INTO category (id, name) VALUES ('5', 'Sportswear');
INSERT INTO category (id, name) VALUES ('6', 'Home');
INSERT INTO category (id, name) VALUES ('7', 'Electronics');
INSERT INTO category (id, name) VALUES ('8', 'Mobile');
INSERT INTO category (id, name) VALUES ('9', 'Computer');

INSERT INTO subcategory (id, image_url, name, category_id) VALUES ('1', 'https://images.unsplash.com/photo-1576995853123-5a10305d93c0?ixid=MXwxMjA3fDB8MHxwaG90by1wYWdlfHx8fGVufDB8fHw%3D&ixlib=rb-1.2.1&auto=format&fit=crop&w=1650&q=80', 'Jeans', '1');
INSERT INTO subcategory (id, image_url, name, category_id) VALUES ('2', 'https://images.unsplash.com/photo-1546938576-04917ec516ee?ixid=MXwxMjA3fDB8MHxwaG90by1wYWdlfHx8fGVufDB8fHw%3D&ixlib=rb-1.2.1&auto=format&fit=crop&w=1100&q=80', 'Bags', '2');
INSERT INTO subcategory (id, image_url, name, category_id) VALUES ('3', 'https://images.unsplash.com/photo-1610223515196-65f21bc2347e?ixid=MXwxMjA3fDB8MHxwaG90by1wYWdlfHx8fGVufDB8fHw%3D&ixlib=rb-1.2.1&auto=format&fit=crop&w=1100&q=80', 'Bracelets', '3');
INSERT INTO subcategory (id, image_url, name, category_id) VALUES ('4', 'https://images.unsplash.com/photo-1542291026-7eec264c27ff?ixid=MXwxMjA3fDB8MHxwaG90by1wYWdlfHx8fGVufDB8fHw%3D&ixlib=rb-1.2.1&auto=format&fit=crop&w=1650&q=80', 'Sneakers', '4');
INSERT INTO subcategory (id, image_url, name, category_id) VALUES ('5', 'https://images.unsplash.com/photo-1509255929945-586a420363cf?ixid=MXwxMjA3fDB8MHxwaG90by1wYWdlfHx8fGVufDB8fHw%3D&ixlib=rb-1.2.1&auto=format&fit=crop&w=1202&q=80', 'Boxing', '5');
INSERT INTO subcategory (id, image_url, name, category_id) VALUES ('6', 'https://images.unsplash.com/photo-1542728928-1413d1894ed1?ixid=MXwxMjA3fDB8MHxwaG90by1wYWdlfHx8fGVufDB8fHw%3D&ixlib=rb-1.2.1&auto=format&fit=crop&w=975&q=80', 'Home', '6');

INSERT INTO product (id, city, color, country, creation_date, description, end_date, featured, last_update_date, name, phone_number, shipping, size, start_date, start_price, street, zip, person_id, subcategory_id) VALUES ('1', 'Paris', 'BLUE', 'France', '2020-09-22 13:35:18.847706', 'Lorem ipsum dolor sit amet, consectetur adipiscing elit. Fusce ut consequat nulla. Duis nec fermentum erat, et varius augue. Vivamus sed tempor libero.', '2022-11-13 08:08:53.534000', true, '2021-09-22 13:35:18.847706', 'Black Jeans', '530-911-6006', true, 'MEDIUM', '2019-09-02 14:11:11.549000', 1500, 'Park Avenue 1', '10000', '1', '1');
INSERT INTO product (id, city, color, country, creation_date, description, end_date, featured, last_update_date, name, phone_number, shipping, size, start_date, start_price, street, zip, person_id, subcategory_id) VALUES ('2', 'Berlin', 'RED', 'Germany', '2020-09-22 13:35:18.847706', 'Lorem ipsum dolor sit amet, consectetur adipiscing elit. Fusce ut consequat nulla. Duis nec fermentum erat, et varius augue. Vivamus sed tempor libero.', '2023-10-13 08:08:53.534000', true, '2021-09-22 13:35:18.847706', 'Gray Bag', '530-911-6006', true, 'MEDIUM', '2018-10-02 14:11:11.549000', 5600, 'Park Avenue 2', '20000', '2', '2');
INSERT INTO product (id, city, color, country, creation_date, description, end_date, featured, last_update_date, name, phone_number, shipping, size, start_date, start_price, street, zip, person_id, subcategory_id) VALUES ('3', 'Lyon', 'YELLOW', 'France', '2020-09-22 13:35:18.847706', 'Lorem ipsum dolor sit amet, consectetur adipiscing elit. Fusce ut consequat nulla. Duis nec fermentum erat, et varius augue. Vivamus sed tempor libero.', '2021-05-13 08:08:53.534000', true, '2021-09-22 13:35:18.847706', 'Red Bracelet', '530-911-6006', true, 'MEDIUM', '2019-03-12 14:11:11.549000', 440, 'Park Avenue 3', '30000', '3', '3');
INSERT INTO product (id, city, color, country, creation_date, description, end_date, featured, last_update_date, name, phone_number, shipping, size, start_date, start_price, street, zip, person_id, subcategory_id) VALUES ('4', 'Dallas', 'BLUE', 'USA', '2020-09-22 13:35:18.847706', 'Lorem ipsum dolor sit amet, consectetur adipiscing elit. Fusce ut consequat nulla. Duis nec fermentum erat, et varius augue. Vivamus sed tempor libero.', '2022-05-03 08:08:53.534000', true, '2021-09-22 13:35:18.847706', 'Boxing Gloves', '530-911-6006', true, 'MEDIUM', '2019-02-06 14:11:11.549000', 12500, 'Park Avenue 4', '40000', '4', '4');
INSERT INTO product (id, city, color, country, creation_date, description, end_date, featured, last_update_date, name, phone_number, shipping, size, start_date, start_price, street, zip, person_id, subcategory_id) VALUES ('5', 'Rome', 'BLACK', 'Italy', '2020-09-22 13:35:18.847706', 'Lorem ipsum dolor sit amet, consectetur adipiscing elit. Fusce ut consequat nulla. Duis nec fermentum erat, et varius augue. Vivamus sed tempor libero.', '2022-01-16 08:08:53.534000', true, '2021-09-22 13:35:18.847706', 'Nike Sneakers', '530-911-6006', true, 'MEDIUM', '2020-08-22 14:11:11.549000', 999, 'Park Avenue 5', '50000', '5', '5');
INSERT INTO product (id, city, color, country, creation_date, description, end_date, featured, last_update_date, name, phone_number, shipping, size, start_date, start_price, street, zip, person_id, subcategory_id) VALUES ('6', 'Istanbul', 'BLACK', 'Turkey', '2020-09-22 13:35:18.847706', 'Lorem ipsum dolor sit amet, consectetur adipiscing elit. Fusce ut consequat nulla. Duis nec fermentum erat, et varius augue. Vivamus sed tempor libero.', '2022-01-16 08:08:53.534000', true, '2021-07-12 13:35:18.847706', 'Desk Lamp', '530-911-6006', true, 'MEDIUM', '2020-08-22 14:11:11.549000', 52, 'Park Avenue 6', '60000', '6', '6');

INSERT INTO image (id, url, product_id) VALUES ('1', 'https://images.unsplash.com/photo-1516271099866-de31ba93ee4b?ixid=MXwxMjA3fDB8MHxwaG90by1wYWdlfHx8fGVufDB8fHw%3D&ixlib=rb-1.2.1&auto=format&fit=crop&w=1100&q=80', 1);
INSERT INTO image (id, url, product_id) VALUES ('2', 'https://images.unsplash.com/photo-1581605405669-fcdf81165afa?ixid=MXwxMjA3fDB8MHxwaG90by1wYWdlfHx8fGVufDB8fHw%3D&ixlib=rb-1.2.1&auto=format&fit=crop&w=934&q=80', 2);
INSERT INTO image (id, url, product_id) VALUES ('3', 'https://images.unsplash.com/photo-1550572017-ff489f87b5fe?ixid=MXwxMjA3fDB8MHxwaG90by1wYWdlfHx8fGVufDB8fHw%3D&ixlib=rb-1.2.1&auto=format&fit=crop&w=1567&q=80', 3);
INSERT INTO image (id, url, product_id) VALUES ('4', 'https://images.unsplash.com/photo-1583473848882-f9a5bc7fd2ee?ixid=MXwxMjA3fDB8MHxwaG90by1wYWdlfHx8fGVufDB8fHw%3D&ixlib=rb-1.2.1&auto=format&fit=crop&w=1950&q=80', 4);
INSERT INTO image (id, url, product_id) VALUES ('5', 'https://images.unsplash.com/photo-1597248881519-db089d3744a5?ixid=MXwxMjA3fDB8MHxwaG90by1wYWdlfHx8fGVufDB8fHw%3D&ixlib=rb-1.2.1&auto=format&fit=crop&w=1950&q=80', 5);
INSERT INTO image (id, url, product_id) VALUES ('6', 'https://images.unsplash.com/photo-1542728928-1413d1894ed1?ixid=MXwxMjA3fDB8MHxwaG90by1wYWdlfHx8fGVufDB8fHw%3D&ixlib=rb-1.2.1&auto=format&fit=crop&w=975&q=80', 6);
