INSERT INTO person (id, birth_date, city, country, creation_date, email, first_name, gender, image_url, last_name, last_update_date, password, phone_number, state, street, zip, active) VALUES (1111, '1970-03-01 22:34:16', 'Moscow', 'Russia', '2021-03-03 12:49:05', 'john@gmail.com', 'John', 'MALE', 'https://images.unsplash.com/flagged/photo-1570612861542-284f4c12e75f?ixid=MXwxMjA3fDB8MHxwaG90by1wYWdlfHx8fGVufDB8fHw%3D&ixlib=rb-1.2.1&auto=format&fit=crop&w=1650&q=80', 'Swift', '2021-03-05 12:49:05', '$2a$10$Go0RDY6oK48707wwcrpwqOi2SqMTVIhSAzbvHVm4jGGaTZy3/22oK', '336-541-493', 'Arizona', 'Park Avenue 1', '10000', true);
INSERT INTO person (id, birth_date, city, country, creation_date, email, first_name, gender, image_url, last_name, last_update_date, password, phone_number, state, street, zip, active) VALUES (2222, '1985-03-01 20:12:04', 'London', 'England', '2021-03-03 12:49:05', 'anna@gmail.com', 'Anna', 'FEMALE', 'https://images.unsplash.com/photo-1438761681033-6461ffad8d80?ixlib=rb-1.2.1&ixid=MXwxMjA3fDB8MHxwaG90by1wYWdlfHx8fGVufDB8fHw%3D&auto=format&fit=crop&w=1650&q=80', 'Portman', '2021-03-05 12:49:05', '$2a$10$Go0RDY6oK48707wwcrpwqOi2SqMTVIhSAzbvHVm4jGGaTZy3/22oK', '446-541-493', 'Georgia', 'Park Avenue 2', '20000', true);
INSERT INTO person (id, birth_date, city, country, creation_date, email, first_name, gender, image_url, last_name, last_update_date, password, phone_number, state, street, zip, active) VALUES (3333, '1999-03-01 13:06:17', 'Paris', 'France', '2021-03-03 12:49:05', 'ben@gmail.com', 'Ben', 'MALE', 'https://images.unsplash.com/photo-1573007974656-b958089e9f7b?ixid=MXwxMjA3fDB8MHxwaG90by1wYWdlfHx8fGVufDB8fHw%3D&ixlib=rb-1.2.1&auto=format&fit=crop&w=1650&q=80', 'Adams', '2021-03-05 12:49:05', '$2a$10$Go0RDY6oK48707wwcrpwqOi2SqMTVIhSAzbvHVm4jGGaTZy3/22oK', '556-541-493', 'Texas', 'Park Avenue 3', '30000', true);
INSERT INTO person (id, birth_date, city, country, creation_date, email, first_name, gender, image_url, last_name, last_update_date, password, phone_number, state, street, zip, active) VALUES (4444, '1968-03-01 16:34:05', 'Berlin', 'Germany', '2021-03-03 12:49:05', 'matt@gmail.com', 'Matt', 'MALE', 'https://images.unsplash.com/photo-1589992896844-9b720813d1cb?ixlib=rb-1.2.1&ixid=MXwxMjA3fDB8MHxwaG90by1wYWdlfHx8fGVufDB8fHw%3D&auto=format&fit=crop&w=2089&q=80', 'Smith', '2021-03-05 12:49:05', '$2a$10$Go0RDY6oK48707wwcrpwqOi2SqMTVIhSAzbvHVm4jGGaTZy3/22oK', '776-541-493', 'California', 'Park Avenue 4', '40000', true);
INSERT INTO person (id, birth_date, city, country, creation_date, email, first_name, gender, image_url, last_name, last_update_date, password, phone_number, state, street, zip, active) VALUES (5555, '1990-03-01 08:22:16', 'Rome', 'Italy', '2021-03-03 12:49:05', 'taylor@gmail.com', 'Taylor', 'FEMALE', 'https://images.unsplash.com/photo-1613588144367-8e6852b5425b?ixid=MXwxMjA3fDB8MHxwaG90by1wYWdlfHx8fGVufDB8fHw%3D&ixlib=rb-1.2.1&auto=format&fit=crop&w=1650&q=80', 'Gates', '2021-03-05 12:49:05', '$2a$10$Go0RDY6oK48707wwcrpwqOi2SqMTVIhSAzbvHVm4jGGaTZy3/22oK', '886-541-493', 'Florida', 'Park Avenue 5', '50000', true);

INSERT INTO category (id, name) VALUES (1, 'Fashion');
INSERT INTO category (id, name) VALUES (2, 'Accessories');
INSERT INTO category (id, name) VALUES (3, 'Jewellery');
INSERT INTO category (id, name) VALUES (4, 'Shoes');
INSERT INTO category (id, name) VALUES (5, 'Sportswear');
INSERT INTO category (id, name) VALUES (6, 'Home');
INSERT INTO category (id, name) VALUES (7, 'Electronics');
INSERT INTO category (id, name) VALUES (8, 'Mobile');
INSERT INTO category (id, name) VALUES (9, 'Computer');

INSERT INTO subcategory (id, image_url, name, category_id) VALUES (1, 'https://images.unsplash.com/photo-1578998987066-88847474960c?ixid=MXwxMjA3fDB8MHxwaG90by1wYWdlfHx8fGVufDB8fHw%3D&ixlib=rb-1.2.1&auto=format&fit=crop&w=1350&q=80', 'Hats', 1);
INSERT INTO subcategory (id, image_url, name, category_id) VALUES (2, 'https://images.unsplash.com/photo-1578998987066-88847474960c?ixid=MXwxMjA3fDB8MHxwaG90by1wYWdlfHx8fGVufDB8fHw%3D&ixlib=rb-1.2.1&auto=format&fit=crop&w=1350&q=80', 'Jeans', 1);
INSERT INTO subcategory (id, image_url, name, category_id) VALUES (3, 'https://images.unsplash.com/photo-1546938576-04917ec516ee?ixid=MXwxMjA3fDB8MHxwaG90by1wYWdlfHx8fGVufDB8fHw%3D&ixlib=rb-1.2.1&auto=format&fit=crop&w=1100&q=80', 'Bags', 2);
INSERT INTO subcategory (id, image_url, name, category_id) VALUES (4, 'https://images.unsplash.com/photo-1523394643039-a2770cf4a2a0?ixid=MXwxMjA3fDB8MHxwaG90by1wYWdlfHx8fGVufDB8fHw%3D&ixlib=rb-1.2.1&auto=format&fit=crop&w=1650&q=80', 'Watches', 3);
INSERT INTO subcategory (id, image_url, name, category_id) VALUES (5, 'https://images.unsplash.com/photo-1523394643039-a2770cf4a2a0?ixid=MXwxMjA3fDB8MHxwaG90by1wYWdlfHx8fGVufDB8fHw%3D&ixlib=rb-1.2.1&auto=format&fit=crop&w=1650&q=80', 'Bracelets', 3);
INSERT INTO subcategory (id, image_url, name, category_id) VALUES (6, 'https://images.unsplash.com/photo-1542291026-7eec264c27ff?ixid=MXwxMjA3fDB8MHxwaG90by1wYWdlfHx8fGVufDB8fHw%3D&ixlib=rb-1.2.1&auto=format&fit=crop&w=1650&q=80', 'Sneakers', 4);
INSERT INTO subcategory (id, image_url, name, category_id) VALUES (7, 'https://images.unsplash.com/photo-1509255929945-586a420363cf?ixid=MXwxMjA3fDB8MHxwaG90by1wYWdlfHx8fGVufDB8fHw%3D&ixlib=rb-1.2.1&auto=format&fit=crop&w=1202&q=80', 'Boxing', 5);
INSERT INTO subcategory (id, image_url, name, category_id) VALUES (8, 'https://images.unsplash.com/photo-1540574163026-643ea20ade25?ixlib=rb-1.2.1&ixid=MXwxMjA3fDB8MHxwaG90by1wYWdlfHx8fGVufDB8fHw%3D&auto=format&fit=crop&w=1650&q=80', 'Sofa', 6);
INSERT INTO subcategory (id, image_url, name, category_id) VALUES (9, 'https://images.unsplash.com/photo-1540574163026-643ea20ade25?ixlib=rb-1.2.1&ixid=MXwxMjA3fDB8MHxwaG90by1wYWdlfHx8fGVufDB8fHw%3D&auto=format&fit=crop&w=1650&q=80', 'Kids', 6);
INSERT INTO subcategory (id, image_url, name, category_id) VALUES (10, 'https://images.unsplash.com/photo-1540574163026-643ea20ade25?ixlib=rb-1.2.1&ixid=MXwxMjA3fDB8MHxwaG90by1wYWdlfHx8fGVufDB8fHw%3D&auto=format&fit=crop&w=1650&q=80', 'Lamps', 6);
INSERT INTO subcategory (id, image_url, name, category_id) VALUES (11, 'https://images.unsplash.com/photo-1484704849700-f032a568e944?ixid=MXwxMjA3fDB8MHxwaG90by1wYWdlfHx8fGVufDB8fHw%3D&ixlib=rb-1.2.1&auto=format&fit=crop&w=1650&q=80', 'Headphones', 7);
INSERT INTO subcategory (id, image_url, name, category_id) VALUES (12, 'https://images.unsplash.com/photo-1560617544-b4f287789e24?ixid=MXwxMjA3fDB8MHxwaG90by1wYWdlfHx8fGVufDB8fHw%3D&ixlib=rb-1.2.1&auto=format&fit=crop&w=1949&q=80', 'iPhone', 8);
INSERT INTO subcategory (id, image_url, name, category_id) VALUES (13, 'https://images.unsplash.com/photo-1496181133206-80ce9b88a853?ixlib=rb-1.2.1&ixid=MXwxMjA3fDB8MHxwaG90by1wYWdlfHx8fGVufDB8fHw%3D&auto=format&fit=crop&w=1651&q=80', 'Laptop', 9);
INSERT INTO subcategory (id, image_url, name, category_id) VALUES (14, 'https://images.unsplash.com/photo-1496181133206-80ce9b88a853?ixlib=rb-1.2.1&ixid=MXwxMjA3fDB8MHxwaG90by1wYWdlfHx8fGVufDB8fHw%3D&auto=format&fit=crop&w=1651&q=80', 'RAM', 9);

INSERT INTO product (id, city, color, country, creation_date, description, end_date, featured, last_update_date, name, phone_number, shipping, size, start_date, start_price, street, zip, person_id, subcategory_id) VALUES (1, 'Paris', 'BLUE', 'France', '2020-09-22 13:35:18.847706', 'Lorem ipsum dolor sit amet, consectetur adipiscing elit. Fusce ut consequat nulla. Duis nec fermentum erat, et varius augue. Vivamus sed tempor libero.', '2021-11-13 08:08:53.534000', true, '2021-09-22 13:35:18.847706', 'Gray Cap', '530-911-6006', true, 'MEDIUM', '2019-09-02 14:11:11.549000', 35, 'Park Avenue 1', '10000', 1111, 1);
INSERT INTO product (id, city, color, country, creation_date, description, end_date, featured, last_update_date, name, phone_number, shipping, size, start_date, start_price, street, zip, person_id, subcategory_id) VALUES (2, 'Berlin', 'RED', 'Germany', '2020-09-22 13:35:18.847706', 'Lorem ipsum dolor sit amet, consectetur adipiscing elit. Fusce ut consequat nulla. Duis nec fermentum erat, et varius augue. Vivamus sed tempor libero.', '2021-10-13 08:08:53.534000', true, '2021-09-22 13:35:18.847706', 'Gucci Bag', '530-911-6006', true, 'MEDIUM', '2018-10-02 14:11:11.549000', 5600, 'Park Avenue 2', '20000', 2222, 2);
INSERT INTO product (id, city, color, country, creation_date, description, end_date, featured, last_update_date, name, phone_number, shipping, size, start_date, start_price, street, zip, person_id, subcategory_id) VALUES (3, 'Lyon', 'YELLOW', 'France', '2020-09-22 13:35:18.847706', 'Lorem ipsum dolor sit amet, consectetur adipiscing elit. Fusce ut consequat nulla. Duis nec fermentum erat, et varius augue. Vivamus sed tempor libero.', '2021-05-13 08:08:53.534000', true, '2021-09-22 13:35:18.847706', 'Sports Watch', '530-911-6006', true, 'SMALL', '2019-03-12 14:11:11.549000', 799, 'Park Avenue 3', '30000', 3333, 3);
INSERT INTO product (id, city, color, country, creation_date, description, end_date, featured, last_update_date, name, phone_number, shipping, size, start_date, start_price, street, zip, person_id, subcategory_id) VALUES (4, 'Dallas', 'BLUE', 'USA', '2020-09-22 13:35:18.847706', 'Lorem ipsum dolor sit amet, consectetur adipiscing elit. Fusce ut consequat nulla. Duis nec fermentum erat, et varius augue. Vivamus sed tempor libero.', '2022-05-03 08:08:53.534000', true, '2021-09-22 13:35:18.847706', 'Sneakers', '530-911-6006', true, 'MEDIUM', '2019-02-06 14:11:11.549000', 230, 'Park Avenue 4', '40000', 4444, 4);
INSERT INTO product (id, city, color, country, creation_date, description, end_date, featured, last_update_date, name, phone_number, shipping, size, start_date, start_price, street, zip, person_id, subcategory_id) VALUES (5, 'Rome', 'BLACK', 'Italy', '2020-09-22 13:35:18.847706', 'Lorem ipsum dolor sit amet, consectetur adipiscing elit. Fusce ut consequat nulla. Duis nec fermentum erat, et varius augue. Vivamus sed tempor libero.', '2022-01-16 08:08:53.534000', true, '2021-09-22 13:35:18.847706', 'Boxing Gloves', '530-911-6006', true, 'MEDIUM', '2020-08-22 14:11:11.549000', 999, 'Park Avenue 5', '50000', 5555, 5);
INSERT INTO product (id, city, color, country, creation_date, description, end_date, featured, last_update_date, name, phone_number, shipping, size, start_date, start_price, street, zip, person_id, subcategory_id) VALUES (6, 'Istanbul', 'BLACK', 'Turkey', '2020-09-22 13:35:18.847706', 'Lorem ipsum dolor sit amet, consectetur adipiscing elit. Fusce ut consequat nulla. Duis nec fermentum erat, et varius augue. Vivamus sed tempor libero.', '2022-01-16 08:08:53.534000', true, '2021-07-12 13:35:18.847706', 'Gray Sofa', '530-911-6006', true, 'LARGE', '2020-08-22 14:11:11.549000', 3200, 'Park Avenue 6', '60000', 1111, 6);
INSERT INTO product (id, city, color, country, creation_date, description, end_date, featured, last_update_date, name, phone_number, shipping, size, start_date, start_price, street, zip, person_id, subcategory_id) VALUES (7, 'Stockholm', 'YELLOW', 'Sweden', '2020-09-22 13:35:18.847706', 'Lorem ipsum dolor sit amet, consectetur adipiscing elit. Fusce ut consequat nulla. Duis nec fermentum erat, et varius augue. Vivamus sed tempor libero.', '2021-08-05 08:08:53.534000', true, '2021-07-12 13:35:18.847706', 'Headphones', '530-911-6006', true, 'SMALL', '2020-08-22 14:11:11.549000', 480, 'Park Avenue 6', '60000', 2222, 7);
INSERT INTO product (id, city, color, country, creation_date, description, end_date, featured, last_update_date, name, phone_number, shipping, size, start_date, start_price, street, zip, person_id, subcategory_id) VALUES (8, 'Frankfurt', 'BLACK', 'Germany', '2020-09-22 13:35:18.847706', 'Lorem ipsum dolor sit amet, consectetur adipiscing elit. Fusce ut consequat nulla. Duis nec fermentum erat, et varius augue. Vivamus sed tempor libero.', '2021-07-17 08:08:53.534000', true, '2021-07-12 13:35:18.847706', 'iPhone 12', '530-911-6006', true, 'SMALL', '2020-08-22 14:11:11.549000', 1400, 'Park Avenue 6', '60000', 3333, 8);
INSERT INTO product (id, city, color, country, creation_date, description, end_date, featured, last_update_date, name, phone_number, shipping, size, start_date, start_price, street, zip, person_id, subcategory_id) VALUES (9, 'Madrid', 'BLACK', 'Spain', '2020-09-22 13:35:18.847706', 'Lorem ipsum dolor sit amet, consectetur adipiscing elit. Fusce ut consequat nulla. Duis nec fermentum erat, et varius augue. Vivamus sed tempor libero.', '2021-09-10 08:08:53.534000', true, '2021-07-12 13:35:18.847706', 'MBP 15 inch', '530-911-6006', true, 'MEDIUM', '2020-08-22 14:11:11.549000', 2900, 'Park Avenue 6', '60000', 4444, 9);

INSERT INTO image (id, url, featured, product_id) VALUES (1, 'https://images.unsplash.com/photo-1578998987066-88847474960c?ixid=MXwxMjA3fDB8MHxwaG90by1wYWdlfHx8fGVufDB8fHw%3D&ixlib=rb-1.2.1&auto=format&fit=crop&w=1350&q=80', true, 1);
INSERT INTO image (id, url, featured, product_id) VALUES (2, 'https://images.unsplash.com/photo-1548036328-c9fa89d128fa?ixid=MXwxMjA3fDB8MHxwaG90by1wYWdlfHx8fGVufDB8fHw%3D&ixlib=rb-1.2.1&auto=format&fit=crop&w=1349&q=80', true, 2);
INSERT INTO image (id, url, featured, product_id) VALUES (3, 'https://images.unsplash.com/photo-1523394643039-a2770cf4a2a0?ixid=MXwxMjA3fDB8MHxwaG90by1wYWdlfHx8fGVufDB8fHw%3D&ixlib=rb-1.2.1&auto=format&fit=crop&w=1650&q=80', true, 3);
INSERT INTO image (id, url, featured, product_id) VALUES (4, 'https://images.unsplash.com/flagged/photo-1556637640-2c80d3201be8?ixid=MXwxMjA3fDB8MHxwaG90by1wYWdlfHx8fGVufDB8fHw%3D&ixlib=rb-1.2.1&auto=format&fit=crop&w=1350&q=80', true, 4);
INSERT INTO image (id, url, featured, product_id) VALUES (5, 'https://images.unsplash.com/photo-1583473848882-f9a5bc7fd2ee?ixlib=rb-1.2.1&ixid=MXwxMjA3fDB8MHxwaG90by1wYWdlfHx8fGVufDB8fHw%3D&auto=format&fit=crop&w=1350&q=80', true, 5);
INSERT INTO image (id, url, featured, product_id) VALUES (6, 'https://images.unsplash.com/photo-1603794067602-9feaa4f70e0c?ixid=MXwxMjA3fDB8MHxwaG90by1wYWdlfHx8fGVufDB8fHw%3D&ixlib=rb-1.2.1&auto=format&fit=crop&w=1350&q=80', true, 6);
INSERT INTO image (id, url, featured, product_id) VALUES (7, 'https://images.unsplash.com/photo-1603794067453-a200eec4c0e7?ixid=MXwxMjA3fDB8MHxwaG90by1wYWdlfHx8fGVufDB8fHw%3D&ixlib=rb-1.2.1&auto=format&fit=crop&w=1950&q=80', false, 6);
INSERT INTO image (id, url, featured, product_id) VALUES (8, 'https://images.unsplash.com/photo-1549206464-82c129240d11?ixlib=rb-1.2.1&ixid=MXwxMjA3fDB8MHxwaG90by1wYWdlfHx8fGVufDB8fHw%3D&auto=format&fit=crop&w=1350&q=80', true, 7);
INSERT INTO image (id, url, featured, product_id) VALUES (9, 'https://images.unsplash.com/photo-1610602699047-18cb7f727a2f?ixid=MXwxMjA3fDB8MHxwaG90by1wYWdlfHx8fGVufDB8fHw%3D&ixlib=rb-1.2.1&auto=format&fit=crop&w=1950&q=80', true, 8);
INSERT INTO image (id, url, featured, product_id) VALUES (10, 'https://images.unsplash.com/photo-1610168388723-1c39a5fd6d76?ixid=MXwxMjA3fDB8MHxwaG90by1wYWdlfHx8fGVufDB8fHw%3D&ixlib=rb-1.2.1&auto=format&fit=crop&w=1950&q=80', false, 8);
INSERT INTO image (id, url, featured, product_id) VALUES (11, 'https://images.unsplash.com/photo-1496181133206-80ce9b88a853?ixlib=rb-1.2.1&ixid=MXwxMjA3fDB8MHxwaG90by1wYWdlfHx8fGVufDB8fHw%3D&auto=format&fit=crop&w=1651&q=80', true, 9);
INSERT INTO image (id, url, featured, product_id) VALUES (12, 'https://images.unsplash.com/photo-1521908613973-ff2eb881fcee?ixid=MXwxMjA3fDB8MHxwaG90by1wYWdlfHx8fGVufDB8fHw%3D&ixlib=rb-1.2.1&auto=format&fit=crop&w=1650&q=80', false, 9);
INSERT INTO image (id, url, featured, product_id) VALUES (13, 'https://images.unsplash.com/photo-1537498425277-c283d32ef9db?ixid=MXwxMjA3fDB8MHxwaG90by1wYWdlfHx8fGVufDB8fHw%3D&ixlib=rb-1.2.1&auto=format&fit=crop&w=1657&q=80', false, 9);

INSERT INTO bid (id, amount, date, person_id, product_id) VALUES (500, 450, '2021-03-04 22:34:16', 1111, 1);
INSERT INTO bid (id, amount, date, person_id, product_id) VALUES (501, 570, '2021-03-05 23:34:16', 2222, 1);
INSERT INTO bid (id, amount, date, person_id, product_id) VALUES (502, 650, '2021-03-06 22:34:16', 3333, 1);
INSERT INTO bid (id, amount, date, person_id, product_id) VALUES (503, 700, '2021-03-05 10:34:16', 3333, 2);
INSERT INTO bid (id, amount, date, person_id, product_id) VALUES (504, 800, '2021-03-06 15:34:16', 4444, 2);
INSERT INTO bid (id, amount, date, person_id, product_id) VALUES (505, 905, '2021-03-08 19:34:16', 5555, 2);
INSERT INTO bid (id, amount, date, person_id, product_id) VALUES (506, 2100, '2021-03-06 15:34:16', 4444, 9);
INSERT INTO bid (id, amount, date, person_id, product_id) VALUES (507, 2300, '2021-03-08 18:34:16', 5555, 9);
INSERT INTO bid (id, amount, date, person_id, product_id) VALUES (508, 905, '2021-03-05 19:34:16', 1111, 6);
INSERT INTO bid (id, amount, date, person_id, product_id) VALUES (509, 2100, '2021-03-06 15:34:16', 2222, 4);
INSERT INTO bid (id, amount, date, person_id, product_id) VALUES (510, 2300, '2021-03-08 18:34:16', 3333, 5);
